month_num,visits
1,808.75
2,783.0833333333334
3,879.6666666666666
4,775.75
5,791.375
6,719.2083333333334
7,749.0833333333334
8,789.8333333333334
9,789.2083333333334
